{"cameraMode":{"drawMode":0,"name":"Shaded","section":"Shading Mode"},"sceneLighting":false,"audioPlay":false,"sceneViewState":{"m_AlwaysRefresh":false,"showFog":true,"showSkybox":false,"showFlares":true,"showImageEffects":true,"showParticleSystems":true,"showVisualEffectGraphs":true,"m_FxEnabled":true},"in2DMode":false,"pivot":{"x":19.568920135498048,"y":5.749773979187012,"z":-0.0001614987850189209},"rotation":{"x":0.000566886446904391,"y":-0.11830304563045502,"z":0.00040566499228589237,"w":0.9931638240814209},"size":0.746863842010498,"orthographic":false}